TERRITORY_ID,NAME_HTML,2000,2001,2002,2003,2004,2005,2006,2007,2008,2009,2010,2011,2012,2013,2014,2015,2016,2017,2018,2019,2020,2021,2022,ln_gdppc_2000,ln_gdppc_2001,ln_gdppc_2002,ln_gdppc_2003,ln_gdppc_2004,ln_gdppc_2005,ln_gdppc_2006,ln_gdppc_2007,ln_gdppc_2008,ln_gdppc_2009,ln_gdppc_2010,ln_gdppc_2011,ln_gdppc_2012,ln_gdppc_2013,ln_gdppc_2014,ln_gdppc_2015,ln_gdppc_2016,ln_gdppc_2017,ln_gdppc_2018,ln_gdppc_2019,ln_gdppc_2020,ln_gdppc_2021,ln_gdppc_2022
HR021,Bjelovarsko-bilogorska županija,5965.21,6258.52,6747.56,6773.84,6965.69,6873.06,7623.78,7413.27,8266.41,7860.48,7108.42,7081.14,6757.53,6863.82,6976.97,7266.14,7757.53,7928.5,8450.22,8618.04,8491.01,10045.06,10527.21,8.6937,8.7417,8.8169,8.8208,8.8488,8.8354,8.939,8.911,9.02,8.9696,8.869,8.8652,8.8184,8.834,8.8504,8.891,8.9564,8.9782,9.0419,9.0616,9.0468,9.2148,9.2617
HR022,Virovitičko-podravska županija,5775.73,6290.74,6518.1,6742.05,6732.12,6606.72,7436.46,7639.13,7506.59,6621.9,6194.99,6363.1,6088.72,6053.23,5655.09,5807.92,6183.24,6437.43,6996.8,7401.23,7114.27,8438.14,8873.35,8.6614,8.7468,8.7823,8.8161,8.8146,8.7958,8.9142,8.941,8.9235,8.7981,8.7315,8.7583,8.7142,8.7083,8.6403,8.667,8.7296,8.7699,8.8532,8.9094,8.8699,9.0405,9.0908
HR023,Požeško-slavonska županija,5836.23,6089.44,6255.41,6833.16,7108.28,7125.17,7041.28,7218.32,7378.38,6668.34,6507.43,6408.64,6085.26,6191.8,5922.62,6093.24,6372.31,6636.57,7202.67,7660.75,7217.28,7977.9,8496.46,8.6718,8.7143,8.7412,8.8295,8.869,8.8714,8.8595,8.8844,8.9063,8.8051,8.7807,8.7654,8.7136,8.731,8.6865,8.7149,8.7597,8.8004,8.8822,8.9439,8.8842,8.9844,9.0474
HR024,Brodsko-posavska županija,5125.56,5439.16,5683.88,5842.43,6155.39,5854.76,6207.15,6429.76,6781.37,6194.71,5870.11,5931.68,5762.07,5767.82,5668.86,5924.52,6267.16,6703.66,7168.33,7784.21,7491.33,8445.36,9001.46,8.542,8.6014,8.6454,8.6729,8.7251,8.675,8.7335,8.7687,8.8219,8.7315,8.6776,8.6881,8.6591,8.66,8.6427,8.6869,8.7431,8.8104,8.8774,8.9599,8.9215,9.0414,9.1051
HR025,Osječko-baranjska županija,6356.21,6543.85,7140.61,7196.97,7632.56,8042.42,8528.48,9480.44,9725.85,8976.69,8437.54,8464.49,8126.21,8252.76,8184.19,8492.03,8949.46,9133.35,9263.39,9768.42,9643.27,11059.58,11738.58,8.7572,8.7863,8.8736,8.8814,8.9402,8.9925,9.0512,9.157,9.1825,9.1024,9.0404,9.0436,9.0028,9.0183,9.01,9.0469,9.0993,9.1197,9.1338,9.1869,9.174,9.3111,9.3706
HR026,Vukovarsko-srijemska županija,4891.44,5143.95,5469.67,5809.55,5979.1,6204.11,6956.58,6897.28,7349.68,6732.1,6257.73,6329.24,6021.96,6130.65,5984.94,6297.72,6672.06,7070.82,7606.28,8173.33,8056.42,9035.22,9565.64,8.4952,8.5456,8.607,8.6673,8.696,8.733,8.8474,8.8389,8.9024,8.8146,8.7416,8.7529,8.7032,8.7211,8.697,8.7479,8.8057,8.8637,8.9367,9.0086,8.9942,9.1089,9.1659
HR027,Karlovačka županija,6218.83,7251.97,7605.3,7356.6,7326.3,7704.92,8442.73,9074.26,9047.72,8129.43,7849.61,8005.29,7752.76,7938.04,7873.46,8192.61,8638.84,8831.59,8787.57,8931.55,8773.69,10162.46,10912.58,8.7353,8.889,8.9366,8.9034,8.8992,8.9496,9.0411,9.1132,9.1103,9.0032,8.9682,8.9879,8.9558,8.9794,8.9713,9.011,9.064,9.0861,9.0811,9.0973,9.0795,9.2265,9.2977
HR028,Sisačko-moslavačka županija,7263.82,7067.54,7036.71,7123.14,7157.75,7675.24,8704.58,7961.08,8575.23,8569.41,8557.18,8598.1,8617.64,7982.0,7668.54,8123.23,8095.1,8312.46,8723.22,9156.2,8304.58,9745.08,10351.34,8.8907,8.8633,8.8589,8.8711,8.876,8.9458,9.0716,8.9823,9.0566,9.056,9.0545,9.0593,9.0616,8.9849,8.9449,9.0025,8.999,9.0255,9.0737,9.1222,9.0246,9.1845,9.2449
HR031,Primorsko-goranska zupanija,10969.4,10545.08,10612.29,11619.01,11641.15,12692.71,13305.35,13380.79,14316.0,13322.68,13045.26,13316.9,13576.23,13253.69,13409.78,13531.37,13933.77,14533.91,14817.62,14419.19,12850.27,15213.01,16643.77,9.3029,9.2634,9.2698,9.3604,9.3623,9.4488,9.4959,9.5016,9.5691,9.4972,9.4762,9.4968,9.5161,9.492,9.5037,9.5128,9.5421,9.5842,9.6036,9.5763,9.4611,9.6299,9.7198
HR032,Licko-senjska zupanija,6467.05,6595.46,7758.89,9312.94,11803.84,9256.38,9443.35,8866.95,9820.32,8771.06,8205.33,8169.63,7806.49,8060.52,8027.18,8372.45,8747.8,9267.37,9510.4,9975.53,9688.02,11600.25,12417.38,8.7745,8.7941,8.9566,9.1392,9.3762,9.1331,9.1531,9.0901,9.1922,9.0792,9.0125,9.0082,8.9627,8.9947,8.9906,9.0327,9.0766,9.1343,9.1601,9.2079,9.1786,9.3588,9.4269
HR033,Zadarska zupanija,6311.52,6922.61,7353.11,8349.26,8516.62,8967.82,8937.77,9793.48,10159.11,9134.3,8482.35,8282.38,8098.55,8279.5,8416.6,8778.08,9244.35,9972.69,10636.53,10962.53,10186.21,11622.49,12408.99,8.7501,8.8425,8.9029,9.0299,9.0498,9.1014,9.098,9.1895,9.2261,9.1198,9.0457,9.0219,8.9994,9.0215,9.038,9.08,9.1318,9.2076,9.272,9.3022,9.2288,9.3607,9.4262
HR034,Sibensko-kninska zupanija,5955.75,6017.14,6455.21,7120.44,7653.21,8291.01,8215.39,9206.94,8803.27,7535.49,8039.16,8067.71,7912.64,8179.94,8283.22,8469.27,8886.51,9626.6,9997.39,10473.89,9653.5,11082.47,12031.5,8.6921,8.7024,8.7726,8.8707,8.9429,9.0229,9.0138,9.1277,9.0829,8.9274,8.9921,8.9956,8.9762,9.0094,9.022,9.0442,9.0923,9.1723,9.2101,9.2566,9.1751,9.3131,9.3953
HR035,Splitsko-dalmatinska zupanija,6870.06,7122.64,7345.08,7741.88,8420.36,8436.99,8953.15,9766.0,9539.39,8713.13,8476.11,8236.44,7972.46,8050.3,8132.46,8467.5,8897.64,9255.64,9522.3,10251.77,8989.07,10565.84,11369.3,8.8349,8.871,8.9018,8.9544,9.0384,9.0404,9.0998,9.1867,9.1632,9.0726,9.045,9.0163,8.9837,8.9935,9.0036,9.044,9.0935,9.133,9.1614,9.2352,9.1038,9.2654,9.3387
HR036,Istarska zupanija,11116.47,11923.23,12646.59,13329.47,13847.28,13824.31,14207.33,14832.52,14340.9,13748.14,13449.07,13366.01,12760.37,12871.65,13185.12,13653.95,14612.5,15100.93,15219.97,15532.02,12562.32,15358.06,17053.13,9.3162,9.3862,9.4451,9.4977,9.5358,9.5342,9.5615,9.6046,9.5709,9.5287,9.5067,9.5005,9.4541,9.4628,9.4868,9.5218,9.5896,9.6225,9.6304,9.6507,9.4385,9.6394,9.7441
HR037,Dubrovacko-neretvanska zupanija,7601.35,7900.34,8062.53,8737.52,9666.59,10137.79,10661.65,12030.74,11681.28,10797.58,10396.9,10079.95,9972.24,10362.41,10650.71,11153.34,11853.98,12775.1,13011.67,13978.41,10435.61,13148.59,14701.74,8.9361,8.9747,8.995,9.0754,9.1764,9.224,9.2744,9.3952,9.3657,9.2871,9.2493,9.2183,9.2076,9.2459,9.2734,9.3195,9.3804,9.4553,9.4736,9.5453,9.253,9.4841,9.5957
HR050,Grad Zagreb,13218.04,14123.94,14906.1,16036.63,16812.88,17856.87,18667.5,19588.78,19903.93,18509.41,19464.7,19466.49,19202.13,18957.44,19064.9,19664.24,20398.15,21272.87,22175.28,23128.76,21535.97,24118.85,25452.12,9.4893,9.5556,9.6095,9.6826,9.7299,9.7901,9.8345,9.8827,9.8987,9.826,9.8764,9.8764,9.8628,9.85,9.8556,9.8866,9.9232,9.9652,10.0067,10.0488,9.9775,10.0907,10.1446
HR061,Međimurska županija,6406.22,6734.14,7339.87,7369.76,7482.28,7750.48,8458.98,8710.01,9436.6,8815.57,8331.28,8443.49,8231.83,9612.94,8627.07,8859.98,9393.64,9908.06,10331.2,10997.45,10678.36,12197.21,12865.09,8.765,8.8149,8.9011,8.9051,8.9203,8.9555,9.043,9.0722,9.1524,9.0843,9.0278,9.0412,9.0158,9.1709,9.0627,9.0893,9.1478,9.2011,9.2429,9.3054,9.276,9.409,9.4623
HR062,Varaždinska županija,7075.25,7543.43,8257.39,8436.46,8109.05,8346.46,8754.59,9113.47,9655.07,9067.57,8508.73,8533.89,8307.27,8529.55,8634.85,8948.06,9559.86,10222.38,11161.78,11612.21,11273.94,12324.85,13081.34,8.8644,8.9284,9.0189,9.0403,9.0007,9.0296,9.0773,9.1175,9.1752,9.1125,9.0488,9.0518,9.0249,9.0513,9.0636,9.0992,9.1653,9.2323,9.3203,9.3598,9.3302,9.4194,9.4789
HR063,Koprivničko-križevačka županija,8483.01,8552.58,8937.3,9049.89,8873.42,8673.78,9597.81,9883.98,9485.97,8785.65,8205.3,8215.99,7972.31,8096.9,8139.32,8314.38,8790.89,9083.38,9084.71,9727.74,9325.58,10441.28,10992.93,9.0458,9.054,9.098,9.1105,9.0908,9.0681,9.1693,9.1987,9.1576,9.0809,9.0125,9.0138,8.9837,8.9992,9.0045,9.0257,9.0815,9.1142,9.1143,9.1827,9.1405,9.2535,9.305
HR064,Krapinsko-zagorska županija,5827.53,6423.94,6411.77,6617.74,6618.69,7177.97,7271.03,7815.37,7546.62,6676.37,6181.98,6301.35,6164.76,6337.53,6575.46,6846.49,7362.12,7820.92,8100.35,8564.3,7910.92,8896.42,9465.77,8.6703,8.7678,8.7659,8.7975,8.7977,8.8788,8.8917,8.9638,8.9289,8.8063,8.7294,8.7485,8.7266,8.7542,8.7911,8.8315,8.9041,8.9646,8.9997,9.0554,8.976,9.0934,9.1554
HR065,Zagrebačka županija,6247.27,5851.5,6879.48,7044.08,7409.76,8081.0,7903.12,8606.52,8846.79,8337.29,7748.65,7963.18,7831.54,7842.58,7967.1,8292.09,8622.62,9195.11,9801.92,10320.86,10055.87,11487.18,12180.49,8.7399,8.6745,8.8363,8.8599,8.9106,8.9973,8.975,9.0603,9.0878,9.0285,8.9553,8.9826,8.9659,8.9673,8.9831,9.0231,9.0621,9.1264,9.1903,9.2419,9.2159,9.349,9.4076
ME000,Crna Gora,3994.14,4020.13,4082.68,4170.08,4343.72,4523.95,4908.56,5232.46,5598.93,5257.89,5391.73,5559.93,5403.96,5590.22,5684.53,5873.89,6045.8,6330.16,6653.17,6925.71,5872.43,6660.91,7110.55,8.2926,8.2991,8.3145,8.3357,8.3765,8.4171,8.4987,8.5626,8.6303,8.5675,8.5926,8.6233,8.5949,8.6288,8.6455,8.6783,8.7071,8.7531,8.8028,8.843,8.678,8.804,8.8693
MK001,Vardarski,2378.21,2590.28,2630.65,3001.12,2934.53,3472.57,3484.74,3259.74,3417.78,3474.05,3733.94,3909.71,4141.64,4515.13,4543.47,4731.8,4741.98,4707.1,4889.11,5263.75,5000.5,5423.41,5828.27,7.7741,7.8595,7.875,8.0067,7.9843,8.1527,8.1561,8.0894,8.1367,8.1531,8.2252,8.2712,8.3288,8.4152,8.4214,8.4621,8.4642,8.4568,8.4948,8.5686,8.5173,8.5985,8.6705
MK002,Istocen,2274.2,1975.3,2093.74,2167.46,2364.26,2305.55,2731.1,2873.36,3249.73,3326.05,3870.48,3978.53,3783.78,3811.14,4044.01,4117.04,4173.44,4431.11,4566.15,4670.18,4523.81,5168.84,5731.09,7.7294,7.5885,7.6467,7.6813,7.7682,7.7431,7.9125,7.9632,8.0863,8.1095,8.2611,8.2887,8.2385,8.2457,8.305,8.3229,8.3365,8.3964,8.4264,8.449,8.4171,8.5504,8.6537
MK003,Jugozapaden,2560.44,2286.25,2351.13,2139.34,2422.49,2232.44,2604.98,2604.63,3017.88,2662.38,2969.06,3093.24,2991.8,3002.01,3131.08,3456.02,3484.94,3645.56,3684.21,3713.78,3519.03,4403.85,5055.15,7.8479,7.7347,7.7627,7.6683,7.7926,7.7109,7.8652,7.865,8.0123,7.887,7.996,8.037,8.0036,8.007,8.0491,8.1479,8.1562,8.2013,8.2118,8.2198,8.1659,8.3902,8.5282
MK004,Jugoistocen,2544.61,2457.55,2516.95,2711.08,2874.19,3357.58,3158.62,3506.76,3351.67,3672.31,4164.67,4456.99,4427.01,4476.73,5036.14,5125.4,5364.28,5339.9,5243.39,5364.25,4994.49,5346.82,5950.09,7.8417,7.8069,7.8308,7.9051,7.9635,8.119,8.0579,8.1624,8.1172,8.2086,8.3344,8.4022,8.3955,8.4066,8.5244,8.542,8.5875,8.583,8.5647,8.5875,8.5161,8.5843,8.6912
MK005,Pelagoniski,3522.45,3509.3,3660.84,3921.49,3711.95,4306.09,3444.46,3703.59,4040.87,4063.29,4155.7,3978.96,3833.67,4086.01,4172.38,4234.16,4430.17,4411.67,4753.52,4981.7,4743.3,4846.84,5172.13,8.1669,8.1632,8.2054,8.2742,8.2193,8.3678,8.1445,8.2171,8.3042,8.3097,8.3322,8.2888,8.2516,8.3153,8.3362,8.3509,8.3962,8.392,8.4666,8.5135,8.4645,8.4861,8.551
MK006,Poloski,1569.62,1364.35,1469.73,1673.15,1581.44,1485.88,1811.21,1803.33,1950.37,1917.73,1968.53,2022.69,1884.52,1993.61,1942.37,1977.95,2079.63,2147.01,2184.76,2296.56,2208.43,2548.33,2983.52,7.3586,7.2184,7.2928,7.4225,7.3661,7.3038,7.5018,7.4974,7.5758,7.5589,7.585,7.6122,7.5414,7.5977,7.5717,7.5898,7.6399,7.6718,7.6893,7.7392,7.7,7.8432,8.0009
MK007,Severoistocen,1978.69,1709.51,1708.35,1803.22,1788.97,2065.63,1901.34,1851.72,2463.32,2123.15,2170.88,2588.62,2581.48,2544.4,2463.67,2665.43,2640.93,2660.45,2704.51,2731.14,2594.98,2940.44,3246.86,7.5902,7.444,7.4433,7.4973,7.4894,7.6332,7.5503,7.5239,7.8093,7.6607,7.6829,7.8589,7.8561,7.8417,7.8094,7.8881,7.8789,7.8863,7.9027,7.9125,7.8613,7.9863,8.0854
MK008,Skopski,4408.91,4464.7,4420.14,4278.17,4660.42,4678.14,5236.76,5798.79,5797.66,5830.16,5671.02,5666.78,5755.99,5860.51,6068.35,6280.0,6457.08,6448.62,6636.81,6918.33,6634.13,7141.83,7504.15,8.3914,8.404,8.3939,8.3613,8.4469,8.4507,8.5635,8.6654,8.6652,8.6708,8.6431,8.6424,8.658,8.676,8.7108,8.7451,8.7729,8.7716,8.8004,8.8419,8.8,8.8737,8.9232
RS110,Београдска област,3939.67,4389.93,5141.18,5575.5,6555.63,6893.82,7453.83,8218.7,8908.94,8486.02,8510.25,8456.32,8506.24,8717.0,8194.36,8474.14,8805.91,9022.66,9603.95,10169.83,10049.81,10497.2,11211.33,8.2789,8.3871,8.545,8.6261,8.7881,8.8384,8.9165,9.0142,9.0948,9.0462,9.049,9.0427,9.0486,9.073,9.0112,9.0448,9.0832,9.1075,9.1699,9.2272,9.2153,9.2589,9.3247
RS121,Западнобачка област,2637.56,2862.21,2767.39,2722.86,3005.36,3183.78,3259.17,3507.88,3758.95,3441.44,3515.07,3869.3,3869.76,3688.29,3664.26,3985.31,4072.78,4258.96,4096.11,4278.18,4311.16,4690.02,5390.1,7.8776,7.9593,7.9257,7.9094,8.0082,8.0658,8.0892,8.1628,8.2319,8.1436,8.1648,8.2608,8.2609,8.2129,8.2064,8.2904,8.3121,8.3568,8.3178,8.3613,8.369,8.4532,8.5923
RS122,Јужнобанатска област,2805.08,3074.97,3058.58,3030.89,3295.51,3507.24,3583.13,3859.12,4044.63,3751.29,3825.91,4110.87,4145.31,4158.01,4273.91,4255.51,4668.47,4763.46,5117.07,5313.7,5325.66,5767.17,6528.95,7.9392,8.0311,8.0257,8.0166,8.1003,8.1626,8.184,8.2582,8.3051,8.2299,8.2496,8.3214,8.3297,8.3328,8.3603,8.356,8.4486,8.4687,8.5403,8.578,8.5803,8.6599,8.784
RS123,Јужнобачка област,4240.16,4657.23,4852.57,4804.67,5094.96,5438.14,5521.52,6004.72,6033.51,5754.35,5896.66,6154.97,6274.37,6875.89,6735.95,6410.42,6632.51,6650.04,6710.34,6916.98,6881.7,7396.23,8222.15,8.3524,8.4462,8.4873,8.4773,8.536,8.6012,8.6164,8.7003,8.7051,8.6577,8.6821,8.725,8.7442,8.8358,8.8152,8.7657,8.7997,8.8024,8.8114,8.8417,8.8366,8.9087,9.0146
RS124,Севернобанатска област,2728.99,2996.11,2962.55,2938.08,3211.81,3416.06,3488.27,3766.27,3986.94,3692.43,3779.42,4120.01,4147.61,3889.31,3896.18,4156.86,4206.31,4274.02,4416.51,4604.55,4632.13,5034.14,5895.69,7.9117,8.0051,7.9938,7.9855,8.0746,8.1362,8.1572,8.2338,8.2908,8.214,8.2373,8.3236,8.3303,8.266,8.2678,8.3325,8.3443,8.3603,8.3931,8.4348,8.4408,8.524,8.682
RS125,Севернобачка област,2719.51,3004.78,3040.01,3045.07,3294.14,3542.8,3658.47,3970.66,4135.04,3924.11,4016.56,4237.21,4304.09,4190.75,4375.71,4621.4,4869.71,4924.9,5035.68,5225.61,5234.26,5664.86,6550.75,7.9082,8.008,8.0196,8.0213,8.0999,8.1727,8.2048,8.2867,8.3273,8.2749,8.2982,8.3517,8.3673,8.3406,8.3838,8.4385,8.4908,8.5021,8.5243,8.5613,8.563,8.642,8.7873
RS126,Средњобанатска област,3135.0,3425.66,3384.03,3335.28,3651.19,3877.02,3936.22,4243.83,4472.46,4125.47,4227.33,4617.14,4642.59,4626.22,4671.43,4618.26,4637.66,4639.41,5009.57,5219.27,5248.07,5701.09,6545.46,8.0504,8.139,8.1268,8.1123,8.2028,8.2628,8.278,8.3532,8.4057,8.3249,8.3493,8.4375,8.443,8.4395,8.4492,8.4378,8.442,8.4423,8.5191,8.5601,8.5656,8.6484,8.7865
RS127,Сремска област,2573.2,2796.7,2769.36,2732.72,2989.27,3208.24,3303.39,3576.1,3741.05,3528.58,3615.57,3847.72,3892.99,4137.58,4248.8,4419.06,4690.67,5043.72,5306.98,5508.47,5517.23,5966.98,6711.24,7.8529,7.9362,7.9264,7.9131,8.0028,8.0735,8.1027,8.182,8.2271,8.1687,8.193,8.2552,8.2669,8.3279,8.3544,8.3937,8.4533,8.5259,8.5768,8.614,8.6156,8.694,8.8115
RS211,Златиборска област,2023.0,2110.71,2245.61,2548.95,2510.98,2566.75,2785.36,2872.36,2963.18,3227.69,3246.07,3578.08,3392.79,3511.79,3728.88,3881.83,4174.62,4212.41,4217.0,4438.71,4413.69,4814.41,5195.75,7.6123,7.6548,7.7167,7.8434,7.8284,7.8504,7.9321,7.9629,7.994,8.0795,8.0852,8.1826,8.1294,8.1639,8.2239,8.2641,8.3368,8.3458,8.3469,8.3981,8.3925,8.4794,8.5556
RS212,Колубарска област,2165.27,2212.26,2257.81,2338.12,2450.13,2513.21,2763.81,2893.98,3043.89,3430.7,3393.05,3584.92,3411.7,3499.15,3748.38,3972.9,4004.8,4125.98,4132.96,4445.95,4492.4,4664.52,5055.91,7.6803,7.7018,7.7222,7.7571,7.8039,7.8293,7.9244,7.9704,8.0209,8.1405,8.1295,8.1845,8.135,8.1603,8.2291,8.2873,8.2952,8.3251,8.3267,8.3997,8.4101,8.4477,8.5283
RS213,Мачванска област,1954.09,2092.31,1990.95,1996.83,2207.17,2368.35,2178.89,2541.22,2845.23,2923.7,3090.76,3490.56,2985.23,2946.19,3133.3,3207.25,3244.37,3363.49,3435.73,3495.1,3461.3,3752.4,4055.78,7.5777,7.646,7.5964,7.5993,7.6995,7.7699,7.6866,7.8404,7.9534,7.9806,8.0362,8.1578,8.0014,7.9883,8.0498,8.0732,8.0847,8.1207,8.142,8.1591,8.1494,8.2302,8.3079
RS214,Моравичка област,2840.83,2864.59,2873.41,2930.4,3134.84,3440.77,3707.12,3858.01,4124.8,3932.19,3930.64,3720.33,3904.0,3992.45,4151.37,4258.13,4476.94,4786.42,4887.37,4926.19,4932.32,5300.66,5739.65,7.9519,7.9602,7.9633,7.9829,8.0503,8.1435,8.218,8.2579,8.3248,8.277,8.2766,8.2216,8.2698,8.2922,8.3312,8.3566,8.4067,8.4735,8.4944,8.5023,8.5036,8.5756,8.6552
RS215,Поморавска област,2278.1,2507.12,2674.41,2855.5,2687.78,3039.08,2984.75,3261.63,3321.13,3412.01,3322.08,3294.08,3216.01,3133.3,3412.88,3239.38,3261.73,3274.27,3375.56,3731.25,3678.34,4288.93,4709.96,7.7311,7.8269,7.8915,7.957,7.8965,8.0193,8.0013,8.09,8.1081,8.1351,8.1083,8.0999,8.0759,8.0498,8.1353,8.0831,8.09,8.0939,8.1243,8.2245,8.2102,8.3638,8.4574
RS216,Расинска област,2707.51,2552.21,2406.51,2490.97,2553.54,2530.46,2630.44,2849.73,2899.62,2883.04,2922.74,2995.87,2850.71,2844.75,2840.97,3075.23,3136.57,3238.39,3398.9,3687.46,3710.62,4298.1,4696.68,7.9038,7.8447,7.7859,7.8204,7.8452,7.8362,7.8749,7.955,7.9723,7.9666,7.9803,8.005,7.9553,7.9532,7.9519,8.0311,8.0509,8.0828,8.1312,8.2127,8.219,8.3659,8.4546
RS217,Рашка област,1751.44,1825.86,2139.03,2401.15,2391.65,2422.72,2628.7,2620.21,2722.53,2811.77,2705.01,2544.91,2419.34,2530.24,2523.7,2614.42,2652.5,2744.89,2952.65,2920.72,2911.22,3411.8,3669.88,7.4682,7.5098,7.6681,7.7837,7.7797,7.7926,7.8742,7.871,7.9093,7.9416,7.9029,7.8419,7.7913,7.8361,7.8335,7.8688,7.8833,7.9175,7.9905,7.9796,7.9763,8.135,8.2079
RS218,Шумадијска област,2000.89,2032.57,2215.86,2365.7,2485.18,2882.93,2908.28,3236.88,3182.84,3175.42,3169.11,3294.94,3761.81,4249.67,4625.49,4719.23,4643.34,4461.68,4356.73,4618.17,4506.31,4881.5,5277.08,7.6013,7.6171,7.7034,7.7688,7.8181,7.9666,7.9753,8.0824,8.0655,8.0632,8.0612,8.1001,8.2327,8.3546,8.4393,8.4594,8.4432,8.4033,8.3795,8.4378,8.4132,8.4932,8.5711
RS221,Борска област,2523.02,2454.08,2394.33,2624.74,2411.01,2772.57,3065.15,2704.09,2890.25,3214.31,4010.76,4803.26,4715.26,4512.35,4134.49,4042.07,4289.02,4933.81,5386.73,6439.95,7307.94,11015.24,12192.66,7.8332,7.8055,7.7809,7.8727,7.7878,7.9275,8.0279,7.9025,7.9691,8.0754,8.2967,8.4771,8.4586,8.4146,8.3271,8.3045,8.3638,8.5039,8.5917,8.7703,8.8967,9.307,9.4086
RS222,Браничевска област,2554.89,2798.8,3130.96,3239.93,3378.61,3659.77,3558.99,3562.29,3805.07,4171.45,4150.3,3958.45,3759.01,4178.32,4000.68,4085.43,4185.02,4152.52,4720.1,4422.24,4596.47,5000.31,5439.39,7.8458,7.9369,8.0491,8.0833,8.1252,8.2052,8.1772,8.1782,8.2441,8.336,8.3309,8.2836,8.2319,8.3377,8.2942,8.3152,8.3393,8.3315,8.4596,8.3944,8.433,8.5173,8.6014
RS223,Зајечарска област,2263.72,2296.38,2114.85,2340.83,2435.93,2331.31,2226.41,2099.8,2402.95,2374.22,2312.21,2822.33,2619.93,2827.63,3134.03,3127.38,3050.27,2975.46,3170.44,2944.39,3132.73,3651.93,4040.17,7.7248,7.7391,7.6567,7.7583,7.7981,7.7542,7.7081,7.6496,7.7845,7.7724,7.746,7.9453,7.8709,7.9472,8.0501,8.048,8.023,7.9982,8.0616,7.9877,8.0497,8.203,8.304
RS224,Јабланичка област,1942.63,1892.69,2118.1,2187.71,2063.84,1931.0,2287.93,1807.8,1955.62,2021.76,2032.82,2317.39,2228.97,2335.65,2420.72,2492.05,2603.21,2663.22,2657.94,2905.3,2892.95,3344.54,3675.74,7.5718,7.5458,7.6583,7.6906,7.6323,7.5658,7.7354,7.4999,7.5785,7.6117,7.6172,7.7482,7.7093,7.756,7.7918,7.8209,7.8645,7.8873,7.8853,7.9743,7.97,8.1151,8.2095
RS225,Нишавска област,2687.01,2888.97,3024.36,3257.65,3572.48,3794.38,4087.9,3855.15,3992.99,3909.56,3816.44,3349.36,3353.63,3438.29,3550.32,3530.93,3773.43,3921.9,4148.43,4494.16,4240.89,4935.89,5368.69,7.8962,7.9687,8.0145,8.0888,8.181,8.2413,8.3158,8.2572,8.2923,8.2712,8.2471,8.1165,8.1178,8.1427,8.1748,8.1693,8.2357,8.2743,8.3305,8.4105,8.3525,8.5043,8.5883
RS226,Пиротска област,2022.64,2213.33,2132.75,2194.68,2322.35,2510.34,2433.84,2604.38,2704.18,3204.67,3425.67,3665.91,3577.06,4025.71,3983.63,4580.02,4661.0,4760.35,5018.27,4923.54,4554.16,4946.41,5469.27,7.6122,7.7023,7.6652,7.6938,7.7503,7.8282,7.7972,7.8649,7.9026,8.0724,8.1391,8.2068,8.1823,8.3005,8.2899,8.4295,8.447,8.4681,8.5208,8.5018,8.4238,8.5064,8.6069
RS227,Подунавска област,1758.68,1661.7,1754.69,1649.46,1787.7,1883.92,2141.58,2042.57,2227.1,2142.51,2345.58,2597.49,2340.37,2273.17,2178.22,2127.2,2235.54,2524.19,3025.67,2640.14,3208.31,3783.26,4115.28,7.4723,7.4156,7.47,7.4082,7.4887,7.5411,7.6693,7.622,7.7085,7.6697,7.7603,7.8623,7.7581,7.7289,7.6863,7.6626,7.7122,7.8337,8.0149,7.8786,8.0735,8.2383,8.3225
RS228,Пчињска област,2549.87,2407.77,2290.77,2351.41,2080.08,2040.6,2219.58,2206.42,2273.99,2196.1,2166.63,2296.78,2218.32,2169.66,2167.17,2340.81,2335.25,2444.76,2602.51,2750.6,2616.9,3018.08,3230.29,7.8438,7.7865,7.7366,7.7628,7.6402,7.621,7.7051,7.6991,7.7293,7.6944,7.6809,7.7393,7.7045,7.6823,7.6812,7.7583,7.7559,7.8017,7.8642,7.9196,7.8697,8.0124,8.0803
RS229,Топличка област,1944.24,1984.63,2050.45,1968.33,1982.04,1787.43,1858.0,1856.71,1977.01,2163.48,2088.55,2604.81,2457.28,2822.37,2752.23,2862.37,2994.32,3118.77,3306.82,3465.14,3214.33,3627.58,3982.54,7.5726,7.5932,7.6258,7.5849,7.5919,7.4885,7.5273,7.5266,7.5893,7.6795,7.6442,7.8651,7.8068,7.9453,7.9202,7.9594,8.0045,8.0452,8.1037,8.1505,8.0754,8.1963,8.2897
SI031,Pomurska,10319.14,10565.76,10821.95,10849.96,11415.79,11626.65,12007.2,12681.96,12965.44,11978.27,12080.12,12466.22,12252.95,12285.47,12637.16,12666.38,13214.78,13774.29,14380.83,14772.69,14284.09,15308.95,15667.25,9.2418,9.2654,9.2893,9.2919,9.3428,9.3611,9.3933,9.4479,9.47,9.3908,9.3993,9.4308,9.4135,9.4162,9.4444,9.4467,9.4891,9.5306,9.5737,9.6005,9.5669,9.6362,9.6593
SI032,Podravska,12072.92,12445.53,13075.38,13193.27,13865.24,14388.69,15292.72,16379.76,16966.49,15470.9,15528.06,15676.99,15149.33,14862.77,15410.45,15549.32,15893.37,16488.69,17077.76,17780.07,16891.69,18382.31,18604.53,9.3987,9.4291,9.4785,9.4875,9.5371,9.5742,9.6351,9.7038,9.739,9.6467,9.6504,9.6599,9.6257,9.6066,9.6428,9.6518,9.6737,9.7104,9.7455,9.7858,9.7346,9.8191,9.8312
SI033,Koroska,12423.01,12944.2,12866.03,12877.84,13321.14,13890.92,14299.86,15341.74,15708.01,13829.14,14008.25,14544.33,14472.88,14380.21,14805.32,15317.98,15764.57,16326.79,17192.59,17607.19,16502.19,17401.64,17682.18,9.4273,9.4684,9.4623,9.4633,9.4971,9.539,9.568,9.6383,9.6619,9.5345,9.5474,9.585,9.58,9.5736,9.6027,9.6368,9.6655,9.7006,9.7522,9.7761,9.7112,9.7643,9.7803
SI034,Savinjska,13278.99,13457.59,14112.31,14273.49,14924.31,15575.58,16175.92,17345.08,18274.4,16501.79,17054.31,17346.89,16804.71,16446.21,16871.83,17405.81,17852.24,18658.46,19170.51,19736.59,18379.4,19945.9,20220.9,9.4939,9.5073,9.5548,9.5662,9.6107,9.6535,9.6913,9.7611,9.8133,9.7112,9.7442,9.7612,9.7294,9.7079,9.7334,9.7646,9.7899,9.8341,9.8611,9.8902,9.819,9.9008,9.9145
SI035,Zasavska,10485.9,10469.15,10351.99,10318.67,10665.34,11158.91,11412.57,11926.48,12366.33,11243.26,11495.78,11424.46,10750.77,10621.79,10480.72,10213.65,10391.44,10716.16,11087.57,11544.26,11256.55,11982.79,12310.39,9.2578,9.2562,9.2449,9.2417,9.2748,9.32,9.3425,9.3865,9.4227,9.3275,9.3497,9.3435,9.2827,9.2707,9.2573,9.2315,9.2487,9.2795,9.3136,9.3539,9.3287,9.3912,9.4182
SI036,Posavska,12452.91,12745.59,13372.82,12758.21,13316.28,14158.12,14628.12,15651.63,16265.51,15098.68,15305.02,15582.89,15158.37,15061.83,15448.54,15792.18,16254.13,16928.79,17603.66,18441.95,18190.06,19110.35,17864.59,9.4297,9.4529,9.501,9.4539,9.4967,9.558,9.5907,9.6583,9.6968,9.6224,9.6359,9.6539,9.6263,9.6199,9.6453,9.6673,9.6961,9.7368,9.7759,9.8224,9.8086,9.858,9.7906
SI037,Jugovzhodna Slovenija,14468.78,14710.14,15265.59,15579.08,16507.53,16772.11,18115.94,19344.8,19785.51,17671.44,18000.42,18006.03,17248.21,17130.34,17555.71,17947.6,18316.05,19868.27,20794.37,21794.43,20701.86,21615.84,21407.8,9.5797,9.5963,9.6334,9.6537,9.7116,9.7275,9.8045,9.8702,9.8927,9.7797,9.7982,9.7985,9.7555,9.7486,9.7731,9.7952,9.8155,9.8969,9.9424,9.9894,9.938,9.9812,9.9715
SI038,Primorsko-notranjska,11966.73,11910.87,12241.68,12273.8,12695.33,12883.41,13461.16,14492.64,14874.47,13649.09,13376.72,13311.08,12721.21,12818.8,13343.49,14050.61,14547.53,14773.51,15234.91,15205.45,14334.09,15975.98,15876.08,9.3899,9.3852,9.4126,9.4152,9.449,9.4637,9.5076,9.5814,9.6074,9.5214,9.5013,9.4964,9.451,9.4587,9.4988,9.5504,9.5852,9.6006,9.6313,9.6294,9.5704,9.6788,9.6726
SI041,Osrednjeslovenska,20393.32,21224.83,21900.38,23256.54,24177.9,25201.12,26793.87,28321.8,28778.61,26774.35,26680.02,26711.93,26139.24,25658.77,26175.08,26540.16,27465.8,28538.29,29796.84,30552.22,29882.27,32717.1,33246.58,9.923,9.9629,9.9943,10.0543,10.0932,10.1346,10.1959,10.2514,10.2674,10.1952,10.1917,10.1929,10.1712,10.1526,10.1726,10.1864,10.2207,10.259,10.3022,10.3272,10.305,10.3957,10.4117
SI042,Gorenjska,12941.06,13490.79,13839.53,14105.64,14726.68,15003.52,15440.97,16540.19,16821.64,14823.62,15199.11,15388.24,15077.86,15422.86,16170.86,16630.06,17039.13,18139.15,18996.86,19481.74,17415.31,18426.53,20056.92,9.4682,9.5098,9.5353,9.5543,9.5974,9.616,9.6448,9.7135,9.7304,9.604,9.629,9.6414,9.621,9.6436,9.691,9.719,9.7433,9.8058,9.852,9.8772,9.7651,9.8215,9.9063
SI043,Goriska,14236.82,14681.42,15067.07,15227.2,15616.9,16172.19,16831.67,18489.25,18974.36,17203.83,17212.43,17105.22,16488.34,16298.72,16694.55,17276.03,17898.26,18756.05,19152.05,19395.71,18082.99,19615.71,20415.26,9.5636,9.5943,9.6203,9.6308,9.6561,9.691,9.731,9.8249,9.8508,9.7529,9.7534,9.7471,9.7104,9.6988,9.7228,9.7571,9.7925,9.8393,9.8602,9.8728,9.8027,9.8841,9.924
SI044,Obalno-kraska,15535.4,15910.27,16476.73,16912.31,17517.14,18012.35,19075.57,20492.69,21272.88,19688.61,19944.0,19641.67,18292.11,17618.11,17973.21,18795.93,19366.66,20784.31,21687.54,21427.34,19117.24,20029.53,22070.74,9.6509,9.6747,9.7097,9.7358,9.7709,9.7988,9.8562,9.9278,9.9652,9.8878,9.9007,9.8854,9.8142,9.7767,9.7966,9.8414,9.8713,9.942,9.9845,9.9724,9.8583,9.905,10.002
XK000,Kosovo,2239.098046103992,2341.2975419842574,2271.444014497073,2289.6816349740225,2170.965048850482,2241.1626823844017,2288.9934228805528,2444.8734620514624,2057.0,2066.0,2271.0,2528.0,2655.0,2794.0,2950.0,3202.0,3368.0,3534.0,3715.0,3959.0,3772.0,4486.0,5048.0,7.7138,7.7585,7.7282,7.7362,7.6829,7.7148,7.7359,7.8017,7.629,7.6334,7.728,7.8352,7.8842,7.9352,7.9896,8.0715,8.1221,8.1702,8.2201,8.2837,8.2354,8.4087,8.5267
BA3,Brčko,3302.251762628287,3368.3698116773485,3533.4621181986254,3046.61583,3852.073022,4053.163166,4045.447455,5070.664291,5752.575763,5341.386322,5046.942509,5601.527039,5165.84885,5448.78271,5782.729227,5199.874703,5010.932936,5299.892458,5721.716947,6031.821603,6045.947982062968,6585.844443929845,6934.282506096372,8.1024,8.1222,8.17,8.0218,8.2564,8.3073,8.3053,8.5312,8.6574,8.5832,8.5265,8.6308,8.5498,8.6031,8.6626,8.5564,8.5194,8.5754,8.652,8.7048,8.7071,8.7927,8.8442
BA2,Federacija Bosna i Hercegovina,2873.9041565190287,2931.909561512991,3075.503361288253,2651.608446,3069.205005,3186.589996,3561.419995,4340.760756,5226.428221,4758.009131,4640.681283,4967.692454,4636.925386,4845.868695,5039.151243,4373.491738,5012.892526,5378.878098,6043.850748,6061.808256,6075.964765066836,6618.700652352998,6968.761243330545,7.9634,7.9834,8.0312,7.8829,8.0292,8.0667,8.1779,8.3758,8.5615,8.4676,8.4426,8.5107,8.4418,8.4859,8.525,8.3833,8.5198,8.5902,8.7068,8.7098,8.7121,8.7977,8.8492
BA1,Repuplika Srpska,2616.3277077696166,2669.059894127764,2800.0790956176224,2414.026871,2928.22858,3210.155782,3658.607169,4414.734858,5329.418795,4799.929486,4513.065798,4839.324621,4337.702616,4481.956638,4432.981661,3758.206329,4705.740461,5036.255896,5614.973973,5636.667516,5650.050952174108,6154.251780198547,6479.974439010795,7.8695,7.8895,7.9374,7.7891,7.9822,8.0741,8.2048,8.3927,8.581,8.4764,8.4147,8.4845,8.3751,8.4078,8.3968,8.2317,8.4565,8.5244,8.6332,8.637,8.6394,8.7249,8.7765
