NUTS_ID,NUTS_NAME,CNTR_CODE,UHII_2000,UHII_2001,UHII_2002,UHII_2003,UHII_2004,UHII_2005,UHII_2006,UHII_2007,UHII_2008,UHII_2009,UHII_2010,UHII_2011,UHII_2012,UHII_2013,UHII_2014,UHII_2015,UHII_2016,UHII_2017,UHII_2018,UHII_2019,UHII_2020,UHII_2021,UHII_2022,ln_UHII_2000,ln_UHII_2001,ln_UHII_2002,ln_UHII_2003,ln_UHII_2004,ln_UHII_2005,ln_UHII_2006,ln_UHII_2007,ln_UHII_2008,ln_UHII_2009,ln_UHII_2010,ln_UHII_2011,ln_UHII_2012,ln_UHII_2013,ln_UHII_2014,ln_UHII_2015,ln_UHII_2016,ln_UHII_2017,ln_UHII_2018,ln_UHII_2019,ln_UHII_2020,ln_UHII_2021,ln_UHII_2022
RS110,Београдска област,RS,0.0745408703390221,0.0745408703390221,0.0651219943080885,0.085166421183807,0.095349250510144,0.0803028011591272,0.0686060824771266,0.063555395167738,0.102442090135815,0.1048279574291808,0.0889604184459912,0.0780303069047168,0.0996284210216128,0.0948364555684549,0.0902054896104493,0.074477896510878,0.1004721709378978,0.1161969079388133,0.0931710006145146,0.0697058808487569,0.1027866024009897,0.0970484010371651,0.0970484010371651,-2.5964,-2.5964,-2.7315,-2.4631,-2.3502,-2.522,-2.6794,-2.7558,-2.2785,-2.2554,-2.4196,-2.5507,-2.3063,-2.3556,-2.4057,-2.5973,-2.2979,-2.1525,-2.3733,-2.6635,-2.2751,-2.3325,-2.3325
RS121,Западнобачка област,RS,0.004451943246518,0.004451943246518,0.0051944152869821,0.0048942514930815,0.0059679633487823,0.0046878154092204,0.0037289555161006,0.0020794863807514,0.0051370776960107,0.0037941859147544,0.0069162176663512,0.0022998898411277,0.0022663863047952,0.0050310381708502,0.0047998123851836,0.0029176235930369,0.0046558144603172,0.0053151490673151,0.0055405280980554,0.0037011286499905,0.0055730289918944,0.0043036458154433,0.0043036458154433,-5.4144,-5.4144,-5.2602,-5.3197,-5.1213,-5.3628,-5.5916,-6.1756,-5.2713,-5.5743,-4.9739,-6.0749,-6.0896,-5.2921,-5.3392,-5.837,-5.3696,-5.2372,-5.1957,-5.5991,-5.1898,-5.4483,-5.4483
RS122,Јужнобанатска област,RS,0.0078897742120996,0.0078897742120996,0.0042138480971971,0.007290719053596,0.0088605138396948,0.0080951722935348,0.0054151768749784,0.0046497334208496,0.0114149634631713,0.0074714132725325,0.006595588489308,0.0059707123545208,0.0094765968017082,0.008109533515275,0.006276684163146,0.0047180390687489,0.0079551637475386,0.0063836494282654,0.002706488991678,0.0036325007772826,0.0047438578970343,0.0062593705738073,0.0062593705738073,-4.8422,-4.8422,-5.4694,-4.9212,-4.7262,-4.8165,-5.2185,-5.3709,-4.4728,-4.8967,-5.0214,-5.1209,-4.6589,-4.8147,-5.0709,-5.3564,-4.8339,-5.054,-5.9121,-5.6178,-5.3509,-5.0737,-5.0737
RS123,Јужнобачка област,RS,0.0242761447884138,0.0242761447884138,0.0232948349310075,0.0284154917912531,0.030055911709167,0.0232905780772405,0.0173559970113441,0.0188865783794528,0.0278383454376574,0.0222208363503849,0.0230022432666505,0.0120171361062062,0.022521576736554,0.0135632572799681,0.0212562598080278,0.0099611507499216,0.0200633691770902,0.0218977904533386,0.0157953975670794,0.0112387070398985,0.0235818453514171,0.0145640910510698,0.0145640910510698,-3.7183,-3.7183,-3.7595,-3.5608,-3.5047,-3.7597,-4.0538,-3.9693,-3.5813,-3.8067,-3.7722,-4.4214,-3.7933,-4.3004,-3.8511,-4.6091,-3.9089,-3.8214,-4.148,-4.4884,-3.7473,-4.2292,-4.2292
RS124,Севернобанатска област,RS,0.0041498338195944,0.0041498338195944,0.0027883109284927,0.0035541164152479,0.0048408454784558,0.0045564210094787,0.0031263936285725,0.002920318377477,0.0058833194204342,0.0035365041816936,0.0046391107922596,0.003476200778442,0.0053378224908453,0.00535909566836,0.0036285383195819,0.0032565604016335,0.0044130157637569,0.004641873812386,0.0034007343561525,0.0019241911679163,0.0046684463982908,0.0041392949936014,0.0041392949936014,-5.4847,-5.4847,-5.8823,-5.6396,-5.3307,-5.3912,-5.7679,-5.8361,-5.1356,-5.6446,-5.3732,-5.6618,-5.2329,-5.229,-5.6189,-5.7271,-5.4232,-5.3726,-5.6838,-6.2532,-5.3669,-5.4872,-5.4872
RS125,Севернобачка област,RS,0.0123026958653805,0.0123026958653805,0.0091660752223357,0.0112438378364336,0.0127091438813987,0.0130607179896495,0.0103653798310662,0.0095007223744237,0.0155518662943154,0.008481180297862,0.0145197483978874,0.0110281916912585,0.0122177622750126,0.0094360084167111,0.0144338502856526,0.009753541894258,0.0141746497533136,0.0147154189471917,0.0093168789512492,0.0114826060631493,0.0138963612057412,0.0152000092919531,0.0152000092919531,-4.3979,-4.3979,-4.6922,-4.4879,-4.3654,-4.3381,-4.5693,-4.6564,-4.1636,-4.7699,-4.2322,-4.5073,-4.4049,-4.6632,-4.2382,-4.6301,-4.2563,-4.2189,-4.6759,-4.4669,-4.2761,-4.1865,-4.1865
RS126,Средњобанатска област,RS,0.0093900856606598,0.0093900856606598,0.0077428041424966,0.0077702405902807,0.0105702879690264,0.0084593555440049,0.007769375745731,0.0071131376658501,0.0128244360873765,0.0106210068039583,0.0103127881353291,0.0100125078293037,0.0115439620909087,0.0134889983352882,0.0122309579123487,0.0082825772543546,0.0106723904991019,0.0106030896106662,0.0093656354979313,0.0086746890559307,0.0098710700015608,0.0115137172415128,0.0115137172415128,-4.6681,-4.6681,-4.861,-4.8575,-4.5497,-4.7725,-4.8576,-4.9458,-4.3564,-4.5449,-4.5744,-4.6039,-4.4616,-4.3059,-4.4038,-4.7936,-4.5401,-4.5466,-4.6707,-4.7473,-4.6181,-4.4642,-4.4642
RS127,Сремска област,RS,0.0081310272942268,0.0081310272942268,0.0052734271026181,0.0074429972101476,0.0071869009447713,0.0057879481859839,0.005736565230031,0.0041102677122122,0.0076686171989683,0.0060029930871878,0.0057802210513084,0.0034810972587363,0.0067725758397124,0.0051016713152781,0.0065571844532964,0.004873092342654,0.0070890571852471,0.0077263076966971,0.0062209132361418,0.0044080190691579,0.0094392913677994,0.0069541715279807,0.0069541715279807,-4.8121,-4.8121,-5.2451,-4.9005,-4.9355,-5.152,-5.1609,-5.4943,-4.8706,-5.1155,-5.1533,-5.6604,-4.9949,-5.2782,-5.0272,-5.324,-4.9492,-4.8631,-5.0798,-5.4243,-4.6629,-4.9684,-4.9684
RS211,Златиборска област,RS,0.0,0.0,0.0,0.0,0.0,0.0,0.0,0.0,0.0,0.0,0.0,0.0,0.0,0.0,0.0,0.0,0.0,0.0,0.0,0.0,0.0,0.0,0.0,-9.2103,-9.2103,-9.2103,-9.2103,-9.2103,-9.2103,-9.2103,-9.2103,-9.2103,-9.2103,-9.2103,-9.2103,-9.2103,-9.2103,-9.2103,-9.2103,-9.2103,-9.2103,-9.2103,-9.2103,-9.2103,-9.2103,-9.2103
RS212,Колубарска област,RS,0.0050991871708523,0.0050991871708523,0.0059397292922543,0.005288587407894,0.006724845466147,0.0045486687656112,0.0059836505419434,0.0056269413476521,0.006048052094062,0.0051891766488292,0.004466174543278,0.0057181191723361,0.004913731805202,0.0067852716138138,0.0074527110930711,0.0046777035453152,0.0063334156023294,0.0070404746261777,0.0057547441888337,0.0054861667692879,0.0080442973591886,0.0079642637240164,0.0079642637240164,-5.2787,-5.2787,-5.1261,-5.2422,-5.0019,-5.3929,-5.1187,-5.1802,-5.108,-5.2612,-5.4112,-5.1641,-5.3157,-4.993,-4.8992,-5.3649,-5.0619,-4.9561,-5.1577,-5.2055,-4.8228,-4.8328,-4.8328
RS213,Мачванска област,RS,0.0054226520551767,0.0054226520551767,0.0049241671794216,0.0063952087575937,0.0073256909600124,0.004661641214112,0.0040527575851313,0.0035680535148093,0.0067484122881637,0.005820402879099,0.0069465032351197,0.0045954845353271,0.0053148911254239,0.0053646551353766,0.0072941601046883,0.0049874422229228,0.0052893853272497,0.0052322867527646,0.0092827409177184,0.0071843313150795,0.0064681444403043,0.0063943675405356,0.0063943675405356,-5.2172,-5.2172,-5.3136,-5.0522,-4.9164,-5.3684,-5.5084,-5.6357,-4.9984,-5.1464,-4.9695,-5.3827,-5.2372,-5.2279,-4.9207,-5.3008,-5.2421,-5.2529,-4.6796,-4.9359,-5.0409,-5.0523,-5.0523
RS214,Моравичка област,RS,0.0115697630546332,0.0115697630546332,0.0164256707765193,0.0144061273769997,0.0178831025505583,0.014864164708292,0.0113793112596211,0.011562063745095,0.0148461279925969,0.0123792635073951,0.0151996750490492,0.015248572211543,0.0143131225475399,0.0183875358436462,0.0148923275731965,0.0128661203533864,0.0174329936047389,0.0141275137715061,0.0123199328403259,0.0162449535919106,0.0165394803185797,0.0175516950271657,0.0175516950271657,-4.4594,-4.4594,-4.1089,-4.2401,-4.0239,-4.2088,-4.476,-4.46,-4.21,-4.3917,-4.1865,-4.1833,-4.2466,-3.9961,-4.2069,-4.3532,-4.0494,-4.2596,-4.3965,-4.12,-4.102,-4.0426,-4.0426
RS215,Поморавска област,RS,0.0186157264548089,0.0186157264548089,0.0185366265314835,0.0180409318686808,0.0217399426558361,0.0151492368111768,0.0167133390226514,0.015839334870143,0.0194780662270591,0.0164651295100421,0.0184687339012244,0.0161207952154952,0.023248308257961,0.0205514822581736,0.0191379121937004,0.0192964112064089,0.0174962273576412,0.0233335223990883,0.0235471300941284,0.024891321881846,0.0210114442337231,0.0214068209373845,0.0214068209373845,-3.9837,-3.9837,-3.988,-4.0151,-3.8286,-4.1898,-4.0915,-4.1453,-3.9385,-4.1065,-3.9917,-4.1276,-3.7615,-3.8848,-3.9561,-3.9478,-4.0458,-3.7579,-3.7488,-3.6932,-3.8627,-3.844,-3.844
RS216,Расинска област,RS,0.0152951352771786,0.0152951352771786,0.0202503174073472,0.0167649720978273,0.0248426054680229,0.0201259703715058,0.0185538179807513,0.0167669110159748,0.0192530408479509,0.0133413079896201,0.0142204289890617,0.018357236172188,0.0219005125782671,0.0203971707306391,0.0216872693827944,0.0191057295399742,0.0172719216366841,0.0197696127273324,0.0226581566528687,0.0233411437518476,0.0203774656817709,0.0241539564879394,0.0241539564879394,-4.1802,-4.1802,-3.8996,-4.0885,-3.6952,-3.9057,-3.9871,-4.0883,-3.9501,-4.3169,-4.2531,-3.9977,-3.8212,-3.8924,-3.831,-3.9578,-4.0587,-3.9236,-3.7872,-3.7575,-3.8933,-3.7233,-3.7233
RS217,Рашка област,RS,0.006069407171876,0.006069407171876,0.0063365665147904,0.0063535369354519,0.0074817648855437,0.0061483093284438,0.0081735605367533,0.0056480401459517,0.0074295790420279,0.0048177575137836,0.0064898777664473,0.0076527954839701,0.0082294119177486,0.0064256978877526,0.010433397985049,0.0089097972015533,0.0090724477749014,0.0079720986627228,0.0092031368644983,0.0083866645029482,0.0099073187258292,0.0100238068073508,0.0100238068073508,-5.1045,-5.1045,-5.0614,-5.0587,-4.8953,-5.0916,-4.8069,-5.1764,-4.9023,-5.3354,-5.0375,-4.8727,-4.8,-5.0475,-4.5627,-4.7206,-4.7025,-4.8318,-4.6882,-4.7811,-4.6145,-4.6028,-4.6028
RS218,Шумадијска област,RS,0.0191628747691461,0.0191628747691461,0.0224826762808814,0.0216117901468602,0.0259662961322751,0.0218606307423942,0.0181178979580783,0.0159577262633374,0.0234845946040967,0.0211558933683182,0.0197293867013306,0.0215557639698553,0.0258991255784843,0.0192556861470689,0.0281412809721191,0.02099556840639,0.0237562692953474,0.0237498727184098,0.0251594854003882,0.0189107265936218,0.0255996776517818,0.0267179764935276,0.0267179764935276,-3.9548,-3.9548,-3.795,-3.8345,-3.651,-3.8231,-4.0109,-4.1378,-3.7514,-3.8558,-3.9256,-3.8371,-3.6535,-3.9499,-3.5705,-3.8634,-3.7399,-3.7402,-3.6825,-3.968,-3.6652,-3.6224,-3.6224
RS222,Браничевска област,RS,0.0056920009469837,0.0056920009469837,0.0051578799402216,0.0045662309061943,0.0066760131985854,0.0057215149202779,0.0065223410473047,0.0049865165796132,0.0081466025791288,0.005674275828734,0.0068922029208528,0.0060239144537282,0.0070670878771288,0.0067835994258911,0.0059202758090052,0.0060542905077403,0.0075167987881567,0.0057640345944986,0.006164513498801,0.0052621961144074,0.0073249475728834,0.006296235739757,0.006296235739757,-5.1687,-5.1687,-5.2672,-5.3891,-5.0092,-5.1635,-5.0325,-5.301,-4.8102,-5.1718,-4.9774,-5.112,-4.9523,-4.9932,-5.1294,-5.107,-4.8906,-5.1561,-5.0889,-5.2472,-4.9165,-5.0678,-5.0678
RS223,Зајечарска област,RS,0.0053136931824619,0.0053136931824619,0.0053008361834656,0.0054802902510333,0.006523364728009,0.0054103385773918,0.0044726057648264,0.0041968056092827,0.0065661458338213,0.0057479933897995,0.0052355167173006,0.0056252234571648,0.0061127706493039,0.005471875085986,0.0072036456453442,0.0059925640847184,0.006218207934021,0.0066621279536703,0.0064566630038929,0.0054106854117536,0.0071601652285267,0.0067039171588438,0.0067039171588438,-5.2375,-5.2375,-5.2399,-5.2066,-5.0324,-5.2194,-5.4098,-5.4734,-5.0258,-5.1589,-5.2523,-5.1805,-5.0974,-5.2081,-4.9332,-5.1172,-5.0803,-5.0113,-5.0426,-5.2194,-4.9392,-5.0051,-5.0051
RS224,Јабланичка област,RS,0.0057511483592284,0.0057511483592284,0.0056949137464109,0.0050122112739855,0.0062381870133359,0.0050205977594538,0.0046950227863405,0.0040383750910678,0.0071954988614988,0.0065470426843445,0.0063690379617334,0.0049472955395717,0.0065290357916057,0.0065875362333817,0.0080435782305192,0.005048146230039,0.0073580116463518,0.0068643153505531,0.0080079587664863,0.0063228219926939,0.0079590066639829,0.0064300418007926,0.0064300418007926,-5.1584,-5.1584,-5.1682,-5.2959,-5.0771,-5.2942,-5.3613,-5.5119,-4.9343,-5.0287,-5.0563,-5.3089,-5.0315,-5.0226,-4.8229,-5.2887,-4.912,-4.9814,-4.8273,-5.0636,-4.8335,-5.0468,-5.0468
RS225,Нишавска област,RS,0.0170130096374597,0.0170130096374597,0.0061014004032222,0.0065114293180361,0.0142827589639575,0.0182968488122569,0.0086048373173144,0.0010120810442551,0.0192544861129348,0.0118917135543153,0.0136635568386145,0.0069956722955858,0.0102674395832981,0.0081849658115935,0.0133429666453053,0.0125253356025099,0.017334118956367,0.0178468692254568,0.0201110791656201,0.0010463394451461,0.0159374068508034,0.0177473137680663,0.0177473137680663,-4.0738,-4.0738,-5.0992,-5.0342,-4.2487,-4.001,-4.7554,-6.8957,-3.95,-4.4319,-4.293,-4.9625,-4.5788,-4.8055,-4.3168,-4.38,-4.0551,-4.0259,-3.9065,-6.8625,-4.1391,-4.0315,-4.0315
RS226,Пиротска област,RS,0.0047555100650992,0.0047555100650992,0.0049194671169147,0.0061402713443034,0.0046578913964607,0.0045874657802168,0.0046344784050177,0.0038163333460939,0.0047257170446723,0.0036063247629045,0.0033975150054702,0.0052595099862026,0.0045774347892038,0.0038785438397482,0.0077266838464777,0.0039379449972234,0.0063105331450135,0.0080453196432133,0.0066876900372118,0.0066883899266399,0.0081722939736888,0.0066243257864397,0.0066243257864397,-5.3485,-5.3485,-5.3146,-5.0929,-5.3692,-5.3844,-5.3742,-5.5685,-5.3547,-5.6251,-5.6847,-5.2477,-5.3866,-5.5523,-4.8631,-5.5371,-5.0655,-4.8227,-5.0075,-5.0074,-4.807,-5.017,-5.017
RS227,Подунавска област,RS,0.0336054832361237,0.0336054832361237,0.0333422740180083,0.0312512695075026,0.0364148784840017,0.0284342233517966,0.0240787991494205,0.0252184889228176,0.0448469131754937,0.0347471110940463,0.0301302294486591,0.034104328107743,0.0474003476269956,0.0332535725013946,0.034301182868999,0.0265868115536895,0.0379954834141526,0.0407882529242902,0.0372565312349663,0.0293034474228261,0.0416998612208173,0.0347031328697231,0.0347031328697231,-3.3931,-3.3931,-3.4009,-3.4657,-3.3128,-3.5602,-3.7264,-3.6802,-3.1045,-3.3597,-3.5022,-3.3783,-3.0491,-3.4036,-3.3726,-3.6273,-3.2703,-3.1994,-3.2899,-3.5301,-3.1773,-3.3609,-3.3609
RS228,Пчињска област,RS,0.0025232802643436,0.0025232802643436,0.003354308616324,0.0022579761298383,0.0032725015346036,0.0028728807076528,0.0030202714615957,0.0019510689983935,0.0033691983216625,0.0039737188236011,0.0036655396580772,0.001368538253047,0.0024928563965453,0.0031934531194901,0.0035495872895633,0.0027844203317155,0.0028188853389841,0.0032097929754332,0.0033942859985715,0.0026705777293089,0.0041311356690575,0.0029435678066268,0.0029435678066268,-5.9822,-5.9822,-5.6975,-6.0933,-5.7222,-5.8524,-5.8024,-6.2394,-5.6931,-5.5281,-5.6088,-6.594,-5.9943,-5.7467,-5.6409,-5.8837,-5.8714,-5.7415,-5.6857,-5.9255,-5.4892,-5.8281,-5.8281
RS229,Топличка област,RS,0.0,0.0,0.0,0.0,0.0,0.0,0.0,0.0,0.0,0.0,0.0,0.0,0.0,0.0,0.0,0.0,0.0,0.0,0.0,0.0,0.0,0.0,0.0,-9.2103,-9.2103,-9.2103,-9.2103,-9.2103,-9.2103,-9.2103,-9.2103,-9.2103,-9.2103,-9.2103,-9.2103,-9.2103,-9.2103,-9.2103,-9.2103,-9.2103,-9.2103,-9.2103,-9.2103,-9.2103,-9.2103,-9.2103
MK001,Вардарски,MK,0.0034157546210154,0.0034157546210154,0.0031633039196726,0.0029407001737184,0.0047931905023778,0.0055621877616614,0.0041873567285746,0.0029894931913571,0.0037519182839889,0.0041305030236889,0.0040096356044006,0.0036760080017168,0.0044335401726818,0.0032264546902559,0.0049126516237309,0.0032903672943165,0.0034100112978734,0.0032237299509048,0.0026834380388085,0.0024757729711555,0.0033589430770055,0.0029010299870922,0.0029010299870922,-5.6794,-5.6794,-5.7561,-5.8291,-5.3406,-5.1918,-5.4757,-5.8127,-5.5855,-5.4894,-5.5191,-5.6059,-5.4186,-5.7364,-5.3159,-5.7168,-5.681,-5.7372,-5.9207,-6.0012,-5.6961,-5.8427,-5.8427
MK002,Источен,MK,0.0,0.0,0.0,0.0,0.0,0.0,0.0,0.0,0.0,0.0,0.0,0.0,0.0,0.0,0.0,0.0,0.0,0.0,0.0,0.0,0.0,0.0,0.0,-9.2103,-9.2103,-9.2103,-9.2103,-9.2103,-9.2103,-9.2103,-9.2103,-9.2103,-9.2103,-9.2103,-9.2103,-9.2103,-9.2103,-9.2103,-9.2103,-9.2103,-9.2103,-9.2103,-9.2103,-9.2103,-9.2103,-9.2103
MK003,Југозападен,MK,0.0006668656374697455,0.0006668656374697455,-0.0002864752944388666,0.000426983166524934,0.0006889432197291816,0.0017919988038389,0.0003048162858965134,-0.00032892531235690443,0.0006371641883540539,0.0005108507228363969,0.0019054731961797,0.00029004907850839896,0.0017697576839331,0.0009861156538235102,0.0017295332635572,0.0011926800549486,0.0012608369243474,0.0005598506901288675,0.0009888884776538718,0.000213293975273108,0.0019744048716378,0.001805283901354,0.001805283901354,-7.3129,-7.3129,-9.2103,-7.7588,-7.2804,-6.3244,-8.0958,-9.2103,-7.3585,-7.5794,-6.263,-8.1455,-6.3369,-6.9217,-6.3599,-6.7316,-6.676,-7.4878,-6.9189,-8.4528,-6.2275,-6.317,-6.317
MK004,Југоисточен,MK,0.0041059159783821,0.0041059159783821,0.0036098786437657,0.0038633865492394,0.0034658033236989,0.0040890141015848,0.001789456064995,0.002918149599675,0.0048800192766485,0.0028575730588982,0.0035985197997678,0.0027649942696304,0.0050879088964345,0.0043064910402446,0.0029989808352007,0.0034857612463636,0.004415824864406,0.005105919193413,0.0043044102947997,0.0027850205279723,0.0048762666125762,0.0029054877362645,0.0029054877362645,-5.4953,-5.4953,-5.6241,-5.5562,-5.6648,-5.4995,-6.3258,-5.8368,-5.3226,-5.8578,-5.6272,-5.8907,-5.2809,-5.4476,-5.8095,-5.6591,-5.4226,-5.2774,-5.4481,-5.8835,-5.3234,-5.8412,-5.8412
MK005,Пелагониски,MK,0.0023116066742417,0.0023116066742417,0.0026767310187099,0.0013526873753079,0.0040340746399758,0.0039771662483468,0.0027758156047903,0.0025941444503702,0.0036572078575914,0.0038024982903556,0.0033541724302213,0.0015708915876512,0.0064212435164603,0.0036246498735095,0.0031016046341704,0.0041501086462564,0.0035112798693385,0.0048124814229406,0.0041164915475316,0.0034852530687334,0.0044512546493897,0.0029916405503228,0.0029916405503228,-6.0698,-6.0698,-5.9232,-6.6057,-5.513,-5.5272,-5.8868,-5.9545,-5.6111,-5.5721,-5.6976,-6.4561,-5.0481,-5.62,-5.7758,-5.4846,-5.6518,-5.3365,-5.4928,-5.6592,-5.4146,-5.8119,-5.8119
MK006,Полошки,MK,0.011684947267968,0.011684947267968,0.0168524992104354,0.011174973280311,0.0151082975367186,0.0153287459228307,0.0112198276549394,0.0103745887784665,0.0155397000586062,0.0154985440120502,0.0148155758818724,0.0194268063437252,0.0212959571933584,0.0175122599827783,0.0204418500246548,0.0192127569114373,0.0186926750742713,0.0243757221675698,0.0215140764008582,0.023861336466917,0.0221168104441292,0.0178309888697264,0.0178309888697264,-4.4495,-4.4495,-4.0833,-4.4941,-4.1925,-4.178,-4.4901,-4.5684,-4.1644,-4.167,-4.2121,-3.9411,-3.8492,-4.0449,-3.8902,-3.9522,-3.9796,-3.7142,-3.839,-3.7355,-3.8114,-4.0268,-4.0268
MK007,Североисточен,MK,0.002107348635883,0.002107348635883,0.0026753483106002,0.001521724963379,0.0037070059411217,0.0036012124534963,0.0008774042801977962,0.0012262358243041,0.004848008830577,0.003944735903793,0.0032141456228589,0.0014386258967735,0.0017289327844002,0.0018950821060286,0.005879730576168,0.0016898043423265,0.0025871617725986,0.0030534700957727,0.0021432317030929,-0.0009918473015900682,0.0034476245418444,0.0027603801520957,0.0027603801520957,-6.1623,-6.1623,-5.9237,-6.4879,-5.5975,-5.6265,-7.0385,-6.7038,-5.3292,-5.5354,-5.7402,-6.5441,-6.3603,-6.2685,-5.1362,-6.3831,-5.9572,-5.7915,-6.1454,-9.2103,-5.6701,-5.8924,-5.8924
MK008,Скопски,MK,0.0668109187749667,0.0668109187749667,0.0504340778143319,0.0686755823153669,0.0797136639638197,0.0535472372240739,0.0531226480634516,0.0730699646847681,0.0943396600109084,0.0498670854319844,0.0891695854802292,0.0707253791283628,0.0291853098560097,0.0311170613095582,0.0838000313307746,0.0655761103367193,0.0509538007294621,0.0409966421582817,0.0442650074500208,0.016372287929819,0.082834810502992,0.0475029670584148,0.0475029670584148,-2.7059,-2.7059,-2.9871,-2.6784,-2.5293,-2.9272,-2.9352,-2.6163,-2.3609,-2.9984,-2.4172,-2.649,-3.5341,-3.47,-2.4793,-2.7245,-2.9768,-3.1943,-3.1176,-4.1122,-2.4909,-3.047,-3.047
XK00,Kosovo,XK,0.0058175595108034,0.0058175595108034,0.005691794852725,0.0046420425261977,0.0073177374345271,0.0062087594509901,0.0064429579858097,0.0044242366187833,0.0074773081537037,0.0060183414907718,0.0050991456539789,0.006795842219936,0.0087803258129716,0.0065851417042803,0.0079436699733426,0.0065868935286188,0.00686329059002,0.0080848130396239,0.009160131022833,0.0075002263064907,0.0089845627758597,0.0081052098875646,0.0081052098875646,-5.1469,-5.1469,-5.1687,-5.3726,-4.9175,-5.0818,-5.0448,-5.4207,-4.8959,-5.1129,-5.2787,-4.9914,-4.7352,-5.0229,-4.8354,-5.0227,-4.9816,-4.8178,-4.6929,-4.8928,-4.7122,-4.8152,-4.8152
ME00,Црна Гора,ME,0.0022659341055158,0.0022659341055158,0.002723379808418,0.0028624700691801,0.0034900365845857,0.0029906422466604,0.0030235807869753,0.0027488897624641,0.0032564657941526,0.0030772550333907,0.0029530175917766,0.0034941190071613,0.0040145365995347,0.0042302901656749,0.0045764888609841,0.0044144252081138,0.004034355338735,0.0045902368030623,0.0061091656139474,0.0054711996527227,0.0048987895713634,0.004687497088945,0.004687497088945,-6.0898,-6.0898,-5.9059,-5.8561,-5.6578,-5.8123,-5.8013,-5.8966,-5.7271,-5.7837,-5.8249,-5.6567,-5.5178,-5.4655,-5.3868,-5.4229,-5.5129,-5.3838,-5.098,-5.2083,-5.3188,-5.3629,-5.3629
BA03,Brčko District BiH,BA,0.0168316414133807,0.0168316414133807,0.0179709062238468,0.0219287653168124,0.0201679173702797,0.0168472509707561,0.0128010851884206,0.0189796116114909,0.0165400424578631,0.0214909914885213,0.0249127632014941,0.0165034697174602,0.0167131252537162,0.0191970599752989,0.0214891175496013,0.0152302038414036,0.0151912522215862,0.0205960116878031,0.0214298692177321,0.0192576437629906,0.0208743287317857,0.0164629213483146,0.0164629213483146,-4.0845,-4.0845,-4.019,-3.82,-3.9037,-4.0836,-4.3582,-3.9644,-4.102,-3.8401,-3.6924,-4.1042,-4.0916,-3.953,-3.8402,-4.1845,-4.187,-3.8827,-3.843,-3.9498,-3.8692,-4.1066,-4.1066
BA01,Federacija Bosne i Hercegovine,BA,0.0054556760569511,0.0054556760569511,0.0062945245658475,0.0066550230595948,0.0069662556763742,0.0051366698428375,0.0059002489916072,0.0057557048959341,0.0069391485966481,0.0059617247686922,0.0064331914530167,0.0054490870518978,0.0063642147991013,0.0070217153804071,0.0075293733720503,0.0065817649707865,0.0059783085856214,0.0062804754767322,0.0068084993826619,0.0063430739995706,0.007047697526375,0.006911907318417,0.006911907318417,-5.2111,-5.2111,-5.0681,-5.0124,-4.9667,-5.2714,-5.1328,-5.1576,-4.9706,-5.1224,-5.0463,-5.2123,-5.0571,-4.9587,-4.8889,-5.0235,-5.1196,-5.0703,-4.9896,-5.0604,-4.9551,-4.9745,-4.9745
BA02,Republika Srpska,BA,0.0022791042928032,0.0022791042928032,0.0023070726436932,0.0020918570313355,0.0026678302104037,0.0021244850613035,0.0020062109725807,0.002238475506559,0.0022933929462891,0.0018624368687227,0.0021999191795788,0.0023475118257377,0.0029919582854933,0.0025439172253285,0.0028290270204243,0.0023522968850428,0.0022963136986916,0.002522335954736,0.0028457436938054,0.0025166070625679,0.0029066024922223,0.0027389118761655,0.0027389118761655,-6.084,-6.084,-6.0718,-6.1697,-5.9265,-6.1542,-6.2115,-6.102,-6.0777,-6.2859,-6.1193,-6.0544,-5.8118,-5.9741,-5.8678,-6.0524,-6.0765,-5.9826,-5.8619,-5.9848,-5.8408,-5.9002,-5.9002
RS221,Борска област,RS,0.0045342047607138,0.0045342047607138,0.0033226782067266,0.0042665451149599,0.0047820156071129,0.0029152460306252,0.0032517555240674,0.0029433159316102,0.0038600777884969,0.0037202198976093,0.0042061453302921,0.0037967579004837,0.0041994679511158,0.0038891470525815,0.0036265117368928,0.0038447731744531,0.0037625103648996,0.0046251101578778,0.0045903742226558,0.0040901807417599,0.0040524776458493,0.0046540805949353,0.0046540805949353,-5.3961,-5.3961,-5.707,-5.457,-5.3429,-5.8378,-5.7286,-5.8282,-5.5571,-5.594,-5.4712,-5.5736,-5.4728,-5.5496,-5.6195,-5.561,-5.5827,-5.3763,-5.3838,-5.4992,-5.5084,-5.37,-5.37
HR050,Grad Zagreb,HR,0.5314368835792446,0.5314368835792446,0.5233258894554474,0.6214340880422269,0.5668331627136314,0.5120700026683174,0.3862943137282575,0.5416185282941346,0.595613616604427,0.5162897095178428,0.5647561268801727,0.5168387177770958,0.4891670884221234,0.5869055659846213,0.4927885763121181,0.5507030662177527,0.5039609298178757,0.6362694274678076,0.5467278048471261,0.5719191464642146,0.6016436321891585,0.6039254141436958,0.6039254141436958,-0.6322,-0.6322,-0.6476,-0.4757,-0.5677,-0.6693,-0.9512,-0.6132,-0.5182,-0.6611,-0.5714,-0.66,-0.7151,-0.5329,-0.7077,-0.5966,-0.6853,-0.4521,-0.6038,-0.5588,-0.5081,-0.5043,-0.5043
HR025,Osječko-baranjska županija,HR,0.0104732169642559,0.0104732169642559,0.0116097985384703,0.0126597667433324,0.0124338814536047,0.0079398324145604,0.0076567899245563,0.0105726603037744,0.0124045990132273,0.0113252445343199,0.0098769735891823,0.010644530850242,0.0125454161620426,0.0104153287185697,0.0126446634253083,0.0105439854087091,0.0120727825246386,0.0117502027755247,0.0123961780541619,0.011989866779258,0.0121922887725489,0.0116613704292174,0.0116613704292174,-4.5589,-4.5589,-4.4559,-4.3693,-4.3873,-4.8359,-4.8722,-4.5495,-4.3897,-4.4807,-4.6175,-4.5427,-4.3784,-4.5645,-4.3705,-4.5522,-4.4168,-4.4439,-4.3904,-4.4237,-4.407,-4.4515,-4.4515
HR065,Zagrebačka županija,HR,0.0082985286872312,0.0082985286872312,0.0084439715079303,0.011170106859884,0.0109246358107991,0.0071097152104957,0.006788504609615,0.0088295525410163,0.0102142920605271,0.0096483983161311,0.0078894469401155,0.0082264800155637,0.0069299333709279,0.0090753827399366,0.0072339622317399,0.0095206316901094,0.0090322860907202,0.0110493459785729,0.0097339409709153,0.0095273836737016,0.0112431945621857,0.0105108343245336,0.0105108343245336,-4.7917,-4.7917,-4.7743,-4.4945,-4.5167,-4.9463,-4.9925,-4.7297,-4.584,-4.641,-4.8422,-4.8004,-4.9719,-4.7022,-4.929,-4.6543,-4.7069,-4.5054,-4.6321,-4.6536,-4.488,-4.5553,-4.5553
SI041,Osrednjeslovenska,SI,0.0770210543327797,0.0770210543327797,0.0658736238999014,0.0765254768591279,0.0790679317848049,0.065800888107847,0.0607139301967709,0.0734073986457208,0.0657211698541787,0.0637203522093893,0.0638518344369153,0.0604640986834554,0.0718307495714549,0.072219031580328,0.0638646142459297,0.066077754209308,0.0674348910451746,0.0787658012896334,0.070742791130629,0.0669602265407794,0.0758750715711891,0.0749390960854258,0.0749390960854258,-2.5637,-2.5637,-2.72,-2.5701,-2.5374,-2.7211,-2.8016,-2.6117,-2.7223,-2.7533,-2.7512,-2.8057,-2.6334,-2.6281,-2.751,-2.7169,-2.6966,-2.5413,-2.6487,-2.7037,-2.5787,-2.5911,-2.5911
SI042,Gorenjska,SI,0.0041066710892687,0.0041066710892687,0.0051535135096767,0.0046813934133461,0.0044291021038024,0.0048947895170263,0.0043065506230297,0.0037437013551561,0.0053368209515136,0.00356592808348,0.0058226299020592,0.00514171136834,0.004507750135075,0.0034088414898813,0.0052378034006527,0.0042705402574564,0.0041743908340707,0.004073990694396,0.0051591008142556,0.0053015510635623,0.0051609899404256,0.00622241326366,0.00622241326366,-5.4951,-5.4951,-5.2681,-5.3642,-5.4196,-5.3196,-5.4476,-5.5877,-5.2331,-5.6363,-5.146,-5.2704,-5.402,-5.6814,-5.2519,-5.456,-5.4788,-5.5031,-5.267,-5.2398,-5.2666,-5.0796,-5.0796
SI044,Obalno-kraška,SI,0.0012564372909016,0.0012564372909016,0.0012964344162078,0.0016751768065988,0.0015508121505096,0.0018189424223117,0.0014786661990577,0.0011120842277315,0.0020821063267847,0.0014870774957021,0.0019633136458875,0.0015924478711467,0.0005533416694480174,0.0015252957604885,0.0014954714751283,0.0015922822634848,0.0021615408140498,0.0025771785488052,0.0023609007515981,0.001266624718141,0.0026140195938773,0.0018652811936593,0.0018652811936593,-6.6795,-6.6795,-6.6481,-6.3918,-6.469,-6.3095,-6.5166,-6.8015,-6.1744,-6.5109,-6.2331,-6.4425,-7.4995,-6.4856,-6.5053,-6.4426,-6.1369,-5.9611,-6.0487,-6.6714,-5.9469,-6.2843,-6.2843
HR031,Primorsko-goranska županija,HR,0.0051634388977467,0.0051634388977467,0.0083487663889746,0.0055405418802352,0.0073460456506001,0.0048460161166336,0.0060190000166841,0.0071443856551556,0.0073606776447792,0.0069611567546184,0.0075264841958046,0.0083388107069316,0.0078947712029526,0.0077792229271456,0.008537508033757,0.009125145483681,0.0079044824374455,0.0079658019466718,0.0091137623516747,0.0084044341986336,0.0081182557162167,0.0081282107825713,0.0081282107825713,-5.2662,-5.2662,-4.7856,-5.1957,-4.9136,-5.3296,-5.1128,-4.9414,-4.9116,-4.9674,-4.8893,-4.7868,-4.8416,-4.8563,-4.7633,-4.6967,-4.8403,-4.8326,-4.698,-4.779,-4.8136,-4.8124,-4.8124
HR035,Splitsko-dalmatinska županija,HR,0.0062127655974571,0.0062127655974571,0.0109977674193973,0.0051507261088331,0.0115836724127505,0.0014447210000075,0.0031233848931441,0.011130377562835,0.0069656772620176,0.002980739782446,0.0048302063596273,0.0056723610096314,0.0059610006905494,0.0043189663660076,0.0067385493028136,0.0061808397794155,0.003710411139215,0.0051654191877435,0.0078431494809832,0.007678348160921,0.0044938341517684,0.0016215963043839,0.0016215963043839,-5.0811,-5.0811,-4.5101,-5.2686,-4.4582,-6.5398,-5.7688,-4.4981,-4.9668,-5.8156,-5.3329,-5.1721,-5.1225,-5.4447,-4.9999,-5.0863,-5.5966,-5.2658,-4.8481,-4.8694,-5.405,-6.4243,-6.4243
SI031,Pomurska,SI,0.0,0.0,0.0,0.0,0.0,0.0,0.0,0.0,0.0,0.0,0.0,0.0,0.0,0.0,0.0,0.0,0.0,0.0,0.0,0.0,0.0,0.0,0.0,-9.2103,-9.2103,-9.2103,-9.2103,-9.2103,-9.2103,-9.2103,-9.2103,-9.2103,-9.2103,-9.2103,-9.2103,-9.2103,-9.2103,-9.2103,-9.2103,-9.2103,-9.2103,-9.2103,-9.2103,-9.2103,-9.2103,-9.2103
SI032,Podravska,SI,0.0229015519297641,0.0229015519297641,0.0240000334398143,0.0255588551569922,0.027579962273114,0.0238996609176283,0.0222755143461448,0.0206865426111479,0.0228002334333708,0.0225279694632569,0.0210199329160168,0.0222149633489367,0.0255135831331699,0.0266049949793834,0.0222828661876868,0.0226484861731726,0.0220840365757258,0.0303243104663832,0.026767588743474,0.0235549232832193,0.0220814874232098,0.0252162603884034,0.0252162603884034,-3.7766,-3.7766,-3.7297,-3.6668,-3.5907,-3.7339,-3.8043,-3.8783,-3.781,-3.793,-3.8623,-3.807,-3.6685,-3.6267,-3.8039,-3.7877,-3.8129,-3.4958,-3.6206,-3.7484,-3.813,-3.6803,-3.6803
HR021,Bjelovarsko-bilogorska županija,HR,0.0,0.0,0.0,0.0,0.0,0.0,0.0,0.0,0.0,0.0,0.0,0.0,0.0,0.0,0.0,0.0,0.0,0.0,0.0,0.0,0.0,0.0,0.0,-9.2103,-9.2103,-9.2103,-9.2103,-9.2103,-9.2103,-9.2103,-9.2103,-9.2103,-9.2103,-9.2103,-9.2103,-9.2103,-9.2103,-9.2103,-9.2103,-9.2103,-9.2103,-9.2103,-9.2103,-9.2103,-9.2103,-9.2103
HR022,Virovitičko-podravska županija,HR,0.0046674951046844,0.0046674951046844,0.0044215650747704,0.0048640050654661,0.0052566065839902,0.0046604420248794,0.0045215508945456,0.004621279002304,0.0044726734368682,0.0039294553880083,0.0048765711034124,0.0045020607450745,0.0075064294600369,0.0061637601602204,0.0035861324496661,0.0047136320859773,0.0052097192934009,0.0049400533045472,0.0055031010271574,0.0059714481765995,0.0061131726969955,0.0059916884236247,0.0059916884236247,-5.3671,-5.3671,-5.4213,-5.3259,-5.2483,-5.3686,-5.3989,-5.3771,-5.4098,-5.5393,-5.3233,-5.4032,-4.892,-5.0891,-5.6307,-5.3573,-5.2572,-5.3104,-5.2024,-5.1208,-5.0973,-5.1174,-5.1174
HR023,Požeško-slavonska županija,HR,0.0,0.0,0.0,0.0,0.0,0.0,0.0,0.0,0.0,0.0,0.0,0.0,0.0,0.0,0.0,0.0,0.0,0.0,0.0,0.0,0.0,0.0,0.0,-9.2103,-9.2103,-9.2103,-9.2103,-9.2103,-9.2103,-9.2103,-9.2103,-9.2103,-9.2103,-9.2103,-9.2103,-9.2103,-9.2103,-9.2103,-9.2103,-9.2103,-9.2103,-9.2103,-9.2103,-9.2103,-9.2103,-9.2103
HR024,Brodsko-posavska županija,HR,0.0187838883006938,0.0187838883006938,0.0213944867347499,0.0248166277883455,0.0222403833549521,0.0210957549392757,0.0165190142402055,0.0222743424650578,0.0249554598452484,0.0244475368849739,0.022073045257781,0.0254500167344428,0.0238302027067323,0.0270828281248665,0.0275615871384784,0.0249758909241257,0.0267004722131973,0.0288051513063969,0.0313904941978632,0.02585644522135,0.0278686103798233,0.025662838226789,0.025662838226789,-3.9748,-3.9748,-3.8446,-3.6962,-3.8058,-3.8587,-4.1032,-3.8043,-3.6907,-3.7112,-3.8134,-3.671,-3.7368,-3.6089,-3.5913,-3.6898,-3.6231,-3.5472,-3.4613,-3.6552,-3.5803,-3.6627,-3.6627
HR026,Vukovarsko-srijemska županija,HR,0.0063826580761698,0.0063826580761698,0.0057098963438482,0.0064675376388594,0.0072538167062587,0.0051625532253958,0.0030683337853253,0.004291565608932,0.0063874906478676,0.0030412421692836,0.0053051681904471,0.0032627148982336,0.0048266177877402,0.0051195758667725,0.0044868025966797,0.0044310892597147,0.0049292161250264,0.0056939710117558,0.0042151423555336,0.0035582660582093,0.0052450473932868,0.0050625725337429,0.0050625725337429,-5.0542,-5.0542,-5.1656,-5.041,-4.9262,-5.2663,-5.7866,-5.4511,-5.0534,-5.7955,-5.2391,-5.7252,-5.3336,-5.2747,-5.4066,-5.4191,-5.3126,-5.1683,-5.4691,-5.6385,-5.2505,-5.2859,-5.2859
HR027,Karlovačka županija,HR,0.0,0.0,0.0,0.0,0.0,0.0,0.0,0.0,0.0,0.0,0.0,0.0,0.0,0.0,0.0,0.0,0.0,0.0,0.0,0.0,0.0,0.0,0.0,-9.2103,-9.2103,-9.2103,-9.2103,-9.2103,-9.2103,-9.2103,-9.2103,-9.2103,-9.2103,-9.2103,-9.2103,-9.2103,-9.2103,-9.2103,-9.2103,-9.2103,-9.2103,-9.2103,-9.2103,-9.2103,-9.2103,-9.2103
HR028,Sisačko-moslavačka županija,HR,0.0060431759864194,0.0060431759864194,0.0064215543038086,0.0072616556512433,0.0075245615878413,0.0066639045975791,0.0055565667356159,0.0061020718954165,0.0066803441403942,0.0058307371873178,0.0053884060190922,0.0048926045366989,0.0074815210525183,0.0079253765730366,0.0047577514105269,0.0048759546454029,0.0067960332766632,0.0078104852440588,0.0065114666715348,0.0064377564234834,0.0072545066835391,0.0067797720244115,0.0067797720244115,-5.1088,-5.1088,-5.0481,-4.9251,-4.8896,-5.011,-5.1928,-5.0991,-5.0086,-5.1446,-5.2235,-5.32,-4.8953,-4.8377,-5.348,-5.3234,-4.9914,-4.8523,-5.0342,-5.0456,-4.9261,-4.9938,-4.9938
HR033,Zadarska županija,HR,0.000227401012688471,0.000227401012688471,0.00024007388955593577,0.00022407693192072863,0.00024173627862592349,0.0002719366465844296,0.00023452397810823895,0.0002617777105483507,0.00031510123783359345,0.00021407744865754812,0.0002279927778430404,0.0002669746986511984,0.0002766669724175184,0.0002498928531006623,0.0002768976265687835,0.0002572033105761448,0.0003152080071320409,0.0002997396290115719,0.000302934725411597,0.00025980586998091754,0.0003468765356117087,0.0002950286520732322,0.0002950286520732322,-8.3888,-8.3888,-8.3346,-8.4035,-8.3277,-8.2099,-8.358,-8.248,-8.0626,-8.4492,-8.3862,-8.2284,-8.1927,-8.2945,-8.1919,-8.2656,-8.0623,-8.1126,-8.102,-8.2556,-7.9665,-8.1284,-8.1284
HR036,Istarska županija,HR,0.0014287842658307,0.0014287842658307,0.0011259280902669,0.0011601325557145,0.0015711478832509,0.0014311538142704,0.0015354105841356,0.0005721807183893203,0.0014779934100928,0.000854170485390617,0.0015194742262716,0.0005627927203479893,0.0002279665475200682,0.0009998666611305716,0.001302804947434,0.0008889062346269176,0.0012058905736845,0.001244769149909,0.0007248961862293975,0.0010738155442701,0.0012169237130121,0.0012394727274752,0.0012394727274752,-6.5509,-6.5509,-6.7891,-6.7592,-6.4559,-6.5493,-6.479,-7.4661,-6.5171,-7.0654,-6.4894,-7.4826,-8.3863,-6.9079,-6.6432,-7.0255,-6.7205,-6.6888,-7.2295,-6.8365,-6.7114,-6.6931,-6.6931
HR061,Međimurska županija,HR,0.0081403881282103,0.0081403881282103,0.0128709679718539,0.0106762579819206,0.0110255889837785,0.0093866327502414,0.012025719738958,0.0115811521287723,0.0109210670115672,0.0124119516739265,0.0137640122714711,0.0060812867870915,0.0090193194262607,0.012074987119639,0.0119635134502193,0.0079455614095978,0.0119355206202869,0.011224502740004,0.0121154277553495,0.0148182698162401,0.0113618089846017,0.0080345642534855,0.0080345642534855,-4.8109,-4.8109,-4.3528,-4.5397,-4.5075,-4.6685,-4.4207,-4.4584,-4.5171,-4.3891,-4.2857,-5.1025,-4.7084,-4.4166,-4.4259,-4.8351,-4.4282,-4.4897,-4.4133,-4.2119,-4.4775,-4.824,-4.824
HR062,Varaždinska županija,HR,0.0202360406147601,0.0202360406147601,0.0196965587034979,0.0237337796850871,0.0239142331117083,0.0229624809426432,0.0215685878106978,0.0210041031276378,0.0214278692946055,0.0232689468712913,0.0215841240863783,0.0154452881138847,0.0133334873641456,0.0219854307951693,0.0228614219597087,0.017720480479723,0.0173529606436504,0.0233411356269787,0.0226118970412074,0.0222223576146028,0.0199593634875215,0.0134555446503147,0.0134555446503147,-3.9003,-3.9003,-3.9273,-3.7409,-3.7333,-3.7739,-3.8365,-3.863,-3.8431,-3.7606,-3.8358,-4.1705,-4.3175,-3.8174,-3.7783,-4.033,-4.054,-3.7575,-3.7893,-3.8067,-3.9141,-4.3084,-4.3084
HR063,Koprivničko-križevačka županija,HR,0.0,0.0,0.0,0.0,0.0,0.0,0.0,0.0,0.0,0.0,0.0,0.0,0.0,0.0,0.0,0.0,0.0,0.0,0.0,0.0,0.0,0.0,0.0,-9.2103,-9.2103,-9.2103,-9.2103,-9.2103,-9.2103,-9.2103,-9.2103,-9.2103,-9.2103,-9.2103,-9.2103,-9.2103,-9.2103,-9.2103,-9.2103,-9.2103,-9.2103,-9.2103,-9.2103,-9.2103,-9.2103,-9.2103
HR064,Krapinsko-zagorska županija,HR,0.0,0.0,0.0,0.0,0.0,0.0,0.0,0.0,0.0,0.0,0.0,0.0,0.0,0.0,0.0,0.0,0.0,0.0,0.0,0.0,0.0,0.0,0.0,-9.2103,-9.2103,-9.2103,-9.2103,-9.2103,-9.2103,-9.2103,-9.2103,-9.2103,-9.2103,-9.2103,-9.2103,-9.2103,-9.2103,-9.2103,-9.2103,-9.2103,-9.2103,-9.2103,-9.2103,-9.2103,-9.2103,-9.2103
SI033,Koroška,SI,0.0,0.0,0.0,0.0,0.0,0.0,0.0,0.0,0.0,0.0,0.0,0.0,0.0,0.0,0.0,0.0,0.0,0.0,0.0,0.0,0.0,0.0,0.0,-9.2103,-9.2103,-9.2103,-9.2103,-9.2103,-9.2103,-9.2103,-9.2103,-9.2103,-9.2103,-9.2103,-9.2103,-9.2103,-9.2103,-9.2103,-9.2103,-9.2103,-9.2103,-9.2103,-9.2103,-9.2103,-9.2103,-9.2103
SI034,Savinjska,SI,0.0079693459276421,0.0079693459276421,0.0082422725546868,0.0091412998277193,0.0081008732846194,0.0056339163717527,0.0065073627695597,0.0078099714845838,0.007603110431577,0.0060551496069229,0.0066250311887364,0.0070850209644589,0.006618012237866,0.007868092437474,0.0102088754232757,0.0069097240310927,0.0076577258955622,0.0072994564248797,0.0066871652487125,0.0077700944573159,0.0076432656632264,0.0073155141685973,0.0073155141685973,-4.8322,-4.8322,-4.7985,-4.695,-4.8158,-5.179,-5.0348,-4.8524,-4.8792,-5.1068,-5.0169,-4.9498,-5.018,-4.8449,-4.5845,-4.9748,-4.872,-4.92,-5.0076,-4.8575,-4.8739,-4.9178,-4.9178
SI035,Zasavska,SI,0.0,0.0,0.0,0.0,0.0,0.0,0.0,0.0,0.0,0.0,0.0,0.0,0.0,0.0,0.0,0.0,0.0,0.0,0.0,0.0,0.0,0.0,0.0,-9.2103,-9.2103,-9.2103,-9.2103,-9.2103,-9.2103,-9.2103,-9.2103,-9.2103,-9.2103,-9.2103,-9.2103,-9.2103,-9.2103,-9.2103,-9.2103,-9.2103,-9.2103,-9.2103,-9.2103,-9.2103,-9.2103,-9.2103
SI036,Posavska,SI,0.0,0.0,0.0,0.0,0.0,0.0,0.0,0.0,0.0,0.0,0.0,0.0,0.0,0.0,0.0,0.0,0.0,0.0,0.0,0.0,0.0,0.0,0.0,-9.2103,-9.2103,-9.2103,-9.2103,-9.2103,-9.2103,-9.2103,-9.2103,-9.2103,-9.2103,-9.2103,-9.2103,-9.2103,-9.2103,-9.2103,-9.2103,-9.2103,-9.2103,-9.2103,-9.2103,-9.2103,-9.2103,-9.2103
SI037,Jugovzhodna Slovenija,SI,0.0022007125367441,0.0022007125367441,0.002112911184413,0.0026045655365252,0.0026351899993076,0.0021303191098745,0.002654260349722,0.0027054785179403,0.0026009595459483,0.0023379412527861,0.0030566378588648,0.0023421730117929,0.0027715931874389,0.0031579372522854,0.002789877194418,0.0025595108112779,0.003413838602874,0.0035873896103078,0.0026144761440326,0.0039595515802327,0.0037160404884756,0.0032980710522505,0.0032980710522505,-6.119,-6.119,-6.1597,-5.9505,-5.9388,-6.1515,-5.9316,-5.9125,-5.9519,-6.0585,-5.7904,-6.0567,-5.8883,-5.7578,-5.8818,-5.9679,-5.6799,-5.6303,-5.9467,-5.5316,-5.5951,-5.7144,-5.7144
SI038,Primorsko-notranjska,SI,0.0,0.0,0.0,0.0,0.0,0.0,0.0,0.0,0.0,0.0,0.0,0.0,0.0,0.0,0.0,0.0,0.0,0.0,0.0,0.0,0.0,0.0,0.0,-9.2103,-9.2103,-9.2103,-9.2103,-9.2103,-9.2103,-9.2103,-9.2103,-9.2103,-9.2103,-9.2103,-9.2103,-9.2103,-9.2103,-9.2103,-9.2103,-9.2103,-9.2103,-9.2103,-9.2103,-9.2103,-9.2103,-9.2103
SI043,Goriška,SI,0.0062302003283827,0.0062302003283827,0.0065730069156729,0.0064855059097543,0.0079353556205631,0.0041688689651649,0.0040760410193044,0.0047338613985011,0.0055431109092395,0.0036774743139497,0.0051696260369451,0.0049676646657525,0.0063146104805606,0.0045231550454628,0.0068902667646955,0.0050619807205602,0.0063644440174302,0.0060603979096305,0.0054377839979317,0.0065905672111264,0.0052479541372051,0.0066625746278186,0.0066625746278186,-5.0783,-5.0783,-5.0248,-5.0382,-4.8364,-5.4801,-5.5026,-5.353,-5.1952,-5.6055,-5.265,-5.3048,-5.0649,-5.3985,-4.9776,-5.286,-5.057,-5.106,-5.2144,-5.0221,-5.2499,-5.0112,-5.0112
HR032,Ličko-senjska županija,HR,0.0,0.0,0.0,0.0,0.0,0.0,0.0,0.0,0.0,0.0,0.0,0.0,0.0,0.0,0.0,0.0,0.0,0.0,0.0,0.0,0.0,0.0,0.0,-9.2103,-9.2103,-9.2103,-9.2103,-9.2103,-9.2103,-9.2103,-9.2103,-9.2103,-9.2103,-9.2103,-9.2103,-9.2103,-9.2103,-9.2103,-9.2103,-9.2103,-9.2103,-9.2103,-9.2103,-9.2103,-9.2103,-9.2103
HR034,Šibensko-kninska županija,HR,0.0,0.0,0.0,0.0,0.0,0.0,0.0,0.0,0.0,0.0,0.0,0.0,0.0,0.0,0.0,0.0,0.0,0.0,0.0,0.0,0.0,0.0,0.0,-9.2103,-9.2103,-9.2103,-9.2103,-9.2103,-9.2103,-9.2103,-9.2103,-9.2103,-9.2103,-9.2103,-9.2103,-9.2103,-9.2103,-9.2103,-9.2103,-9.2103,-9.2103,-9.2103,-9.2103,-9.2103,-9.2103,-9.2103
HR037,Dubrovačko-neretvanska županija,HR,0.0,0.0,0.0,0.0,0.0,0.0,0.0,0.0,0.0,0.0,0.0,0.0,0.0,0.0,0.0,0.0,0.0,0.0,0.0,0.0,0.0,0.0,0.0,-9.2103,-9.2103,-9.2103,-9.2103,-9.2103,-9.2103,-9.2103,-9.2103,-9.2103,-9.2103,-9.2103,-9.2103,-9.2103,-9.2103,-9.2103,-9.2103,-9.2103,-9.2103,-9.2103,-9.2103,-9.2103,-9.2103,-9.2103
